{
  "amount": 6.719484752370053,
  "currency": "EUR",
  "country": "DE",
  "channel": "web",
  "hour_of_day": 0,
  "is_new_device": 0,
  "is_new_ip": 0,
  "distance_from_home_km": 37.2531306401345,
  "geo_mismatch": 0,
  "user_txn_count_5m": 5,
  "user_txn_count_1h": 22,
  "user_amount_sum_1h": 159.30047301010063,
  "user_avg_amount_30d": 41.9922084526411,
  "merchant_chargeback_rate_30d": 0.004540329558076984,
  "device_risk_score": 0.46394579595112656,
  "ip_risk_score": 0.27755999547461097,
  "drift_phase": 0
}