{
  "user_id": 910,
  "merchant_id": 894,
  "device_id": 7222,
  "ip_id": 6426,
  "amount": 15.83024495727541,
  "currency": "SGD",
  "country": "SG",
  "channel": "mobile",
  "hour_of_day": 1,
  "is_new_device": 0,
  "is_new_ip": 0,
  "distance_from_home_km": 40.32519440548092,
  "geo_mismatch": 0,
  "user_txn_count_5m": 0,
  "user_txn_count_1h": 17,
  "user_amount_sum_1h": 299.74976969836445,
  "user_avg_amount_30d": 38.98525939254219,
  "merchant_chargeback_rate_30d": 0.0154510178020506,
  "device_risk_score": 0.11267508358108087,
  "ip_risk_score": 0.23607318079803652,
  "drift_phase": 0
}